SubjectID,Face_L1_R2,Face_L1_R4,Face_L1_R8,Face_L1_R16,Face_L1_R32,Face_L2_R2,Face_L2_R4,Face_L2_R8,Face_L2_R16,Face_L2_R32,Face_L3_R2,Face_L3_R4,Face_L3_R8,Face_L3_R16,Face_L3_R32,Object_L1_R2,Object_L1_R4,Object_L1_R8,Object_L1_R16,Object_L1_R32,Object_L2_R2,Object_L2_R4,Object_L2_R8,Object_L2_R16,Object_L2_R32,Object_L3_R2,Object_L3_R4,Object_L3_R8,Object_L3_R16,Object_L3_R32
2,0.0542675129837805,0.080673351453511,0.0622534553668735,0.136369890284019,0.117120841153723,0.0568706116966595,0.048411358235281,0.0313233382036225,0.045842893276687,0.0184429898686186,0.0359425041998522,0.0730798859277152,0.0677237552376079,0.132089521535666,0.127809549088381,0.0557324718357961,0.234212895134224,0.0981030017811865,0.14443629997915,0.0110571385041052,0.255610956679782,0.0238573844450422,0.118393779033742,0.212325470663333,0.243819077019186,0.0242857380009613,0.0452338144172011,0.0866108500720292,0.00574924883860339,0.0131569586401161
3,0.184871108655474,0.319811973092765,0.301392077006128,0.102768731355235,0.122017780485531,0.296009233335914,0.190727263403973,0.207815283435632,0.193295728362567,0.257581611507873,0.203196117439402,0.166058735711539,0.306862376876862,0.107049100103588,0.111329072550873,0.29487109347505,0.00492572650502954,0.141035619858068,0.0947023216601036,0.228081483135149,0.0164723350405277,0.215281237194212,0.120744842605512,0.0268131509759213,0.00468045537993156,0.263424359640215,0.193904807222053,0.152527771567225,0.244887870477857,0.25229558027937
4,0.0634565466174035,0.198397411054695,0.179977514968058,0.0186458306828354,0.000603218447460918,0.174594671297844,0.069312701365903,0.0864007213975615,0.071881166324497,0.136167049469803,0.0817815554013318,0.0446441736734688,0.185447814838792,0.0143654619344822,0.0100854894871966,0.17345653143698,0.116488835533041,0.0196210578199975,0.0267122403779664,0.106666921097079,0.137886897078598,0.0938666751561418,0.000669719432558502,0.0946014110621488,0.126095017418002,0.142009797602145,0.0724902451839828,0.0311132095291548,0.123473308439787,0.1308810182413
5,0.148154127757282,0.283094992194573,0.264675096107936,0.0660517504570427,0.085300799587339,0.259292252437722,0.154010282505781,0.17109830253744,0.156578747464375,0.220864630609681,0.16647913654121,0.129341754813347,0.27014539597867,0.0703321192053958,0.0746120916526815,0.258154112576858,0.0317912543931624,0.104318638959876,0.0579853407619116,0.191364502236957,0.0531893159387197,0.17856425629602,0.0840278617073196,0.00990382992227068,0.0413974362781235,0.226707378742023,0.157187826323861,0.115810790669033,0.208170889579665,0.215578599381178
6,0.0179001938420305,0.117040670595261,0.0986207745086236,0.100002571142269,0.0807535220119731,0.0932379308384095,0.012044039093531,0.00504398093812752,0.00947557413493699,0.0548103090103686,0.000424814941897778,0.0367125667859652,0.104091074379358,0.0957222023939162,0.0914422299466306,0.0920997909775461,0.197845575992474,0.0617356826394365,0.1080689808374,0.0253101806376448,0.219243637538032,0.0125099346967079,0.0820264598919925,0.175958151521583,0.207451757877436,0.0606530571427114,0.00886649527545114,0.0502435309302792,0.0421165679803534,0.0495242777818661
7,0.141878942891907,0.276819807329198,0.258399911242561,0.0597765655916677,0.079025614721964,0.253017067572347,0.147735097640406,0.164823117672065,0.150303562599,0.214589445744306,0.160203951675835,0.123066569947972,0.263870211113295,0.0640569343400208,0.0683369067873064,0.251878927711483,0.0380664392585375,0.0980434540945005,0.0517101558965366,0.185089317371582,0.0594645008040947,0.172289071430645,0.0777526768419445,0.0161790147876457,0.0476726211434986,0.220432193876648,0.150912641458486,0.109535605803658,0.20189570471429,0.209303414515803
9,0.0964551838737055,0.231396048310997,0.21297615222436,0.0143528065734666,0.0336018557037629,0.207593308554145,0.102311338622205,0.119399358653863,0.104879803580799,0.169165686726105,0.114780192657634,0.0776428109297708,0.218446452095094,0.0186331753218197,0.0229131477691054,0.206455168693282,0.0834901982767385,0.0526196950762994,0.00628639687833554,0.139665558353381,0.104888259822296,0.126865312412444,0.0323289178237435,0.0616027738058468,0.0930963801616996,0.175008434858447,0.105488882440285,0.0641118467854567,0.156471945696089,0.163879655497602
10,0.0326156033112395,0.167556467748531,0.149136571661894,0.0494867739889994,0.0302377248587031,0.14375372799168,0.038471758059739,0.0555597780913975,0.041040223018333,0.105326106163639,0.0509406120951678,0.0138032303673048,0.154606871532628,0.0452064052406462,0.0409264327933606,0.142615588130816,0.147329778839205,0.0112198854861665,0.0575531836841304,0.0758259777909148,0.168727840384762,0.0630257318499778,0.0315106627387225,0.125442354368313,0.156935960724166,0.111168854295981,0.0416493018778188,0.000272266222990758,0.0926323651336234,0.100040074935136
11,0.0806830614714526,0.215623925908744,0.197204029822107,0.00141931582878629,0.01782973330151,0.191821186151893,0.086539216219952,0.103627236251611,0.0891076811785461,0.153393564323852,0.0990080702553808,0.0618706885275179,0.202674329692841,0.00286105291956684,0.00714102536685246,0.190683046291029,0.0992623206789914,0.0368475726740465,0.00948572552391735,0.123893435951128,0.120660382224549,0.111093190010191,0.0165567954214906,0.0773748962080997,0.108868502563953,0.159236312456194,0.0897167600380319,0.0483397243832038,0.140699823293836,0.148107533095349
12,0.0322340051160205,0.167174869553312,0.148754973466675,0.0498683721842184,0.0306193230539221,0.143372129796461,0.03809015986452,0.0551781798961785,0.040658624823114,0.10494450796842,0.0505590138999488,0.0134216321720858,0.154225273337409,0.0455880034358652,0.0413080309885796,0.142233989935597,0.147711377034423,0.0116014836813855,0.0579347818793494,0.0754443795956958,0.169109438579981,0.0626441336547588,0.0318922609339415,0.125823952563532,0.157317558919385,0.110787256100762,0.0412677036825999,0.000109331972228233,0.0922507669384044,0.0996584767399171
14,0.14821930219369,0.283160166630981,0.264740270544344,0.0661169248934507,0.085365974023747,0.25935742687413,0.154075456942189,0.171163476973848,0.156643921900783,0.220929805046089,0.166544310977618,0.129406929249755,0.270210570415078,0.0703972936418038,0.0746772660890894,0.258219287013266,0.0317260799567545,0.104383813396283,0.0580505151983196,0.191429676673365,0.0531241415023117,0.178629430732428,0.0840930361437275,0.00983865548586271,0.0413322618417156,0.226772553178431,0.157253000760269,0.115875965105441,0.208236064016073,0.215643773817586
15,0.316381093042859,0.451321957480151,0.432902061393514,0.234278715742621,0.253527764872917,0.427519217723299,0.322237247791359,0.339325267823017,0.324805712749953,0.389091595895259,0.334706101826788,0.297568720098925,0.438372361264248,0.238559084490974,0.242839056938259,0.426381077862436,0.136435710892415,0.272545604245453,0.22621230604749,0.359591467522535,0.115037649346858,0.346791221581598,0.252254826992897,0.158323135363307,0.126829529007454,0.394934344027601,0.325414791609439,0.284037755954611,0.376397854865243,0.383805564666756
16,0.0382981879690645,0.096642676468227,0.0782227803815895,0.120400565269303,0.101151516139007,0.0728399367113755,0.032442033220565,0.0153540131889065,0.029873568261971,0.0344123148833346,0.0199731791851362,0.0571105609129992,0.0836930802523239,0.11612019652095,0.111840224073665,0.0717017968505121,0.218243570119509,0.0821336767664705,0.128466974964434,0.00491218651061076,0.239641631665066,0.00788805943032617,0.102424454019027,0.196356145648617,0.22784975200447,0.0402550630156773,0.0292644894024852,0.0706415250573132,0.0217185738533194,0.0291262836548321
17,0.0192103077720865,0.154151172209378,0.135731276122741,0.0628920695281524,0.0436430203978561,0.130348432452527,0.025066462520586,0.0421544825522445,0.02763492747918,0.0919208106244856,0.0375353165560148,0.000397934828151814,0.141201575993475,0.0586117007797992,0.0543317283325136,0.129210292591663,0.160735074378357,0.0246251810253195,0.0709584792232834,0.0624206822517618,0.182133135923915,0.0496204363108249,0.0449159582778755,0.138847649907466,0.170341256263319,0.0977635587568284,0.0282440063386659,0.0131330293161622,0.0792270695944704,0.0866347793959831
18,0.0481181657500885,0.18305903018738,0.164639134100743,0.0339842115501504,0.0147351624198541,0.159256290430529,0.053974320498588,0.0710623405302465,0.056542785457182,0.120828668602488,0.0664431745340168,0.0293057928061538,0.170109433971477,0.0297038428017972,0.0254238703545116,0.158118150569665,0.131827216400355,0.00428267695268247,0.0420506212452814,0.0913285402297638,0.153225277945913,0.0785282942888268,0.0160081002998735,0.109939791929464,0.141433398285317,0.12667141673483,0.0571518643166679,0.0157748286618398,0.108134927572472,0.115542637373985
19,0.0933625742430645,0.228303438680356,0.209883542593719,0.0112601969428257,0.0305092460731219,0.204500698923505,0.099218728991564,0.116306749023223,0.101787193950158,0.166073077095464,0.111687583026993,0.0745502012991298,0.215353842464453,0.0155405656911788,0.0198205381384644,0.203362559062641,0.0865828079073795,0.0495270854456585,0.00319378724769459,0.13657294872274,0.107980869452937,0.123772702781803,0.0292363081931025,0.0646953834364877,0.0961889897923406,0.171915825227806,0.102396272809644,0.0610192371548158,0.153379336065448,0.160787045866961
20,0.0824452522953495,0.217386116732641,0.198966220646004,0.000342874995110654,0.0195919241254069,0.19358337697579,0.088301407043849,0.105389427075508,0.090869872002443,0.155155755147749,0.100770261079278,0.0636328793514148,0.204436520516738,0.00462324374346379,0.00890321619074941,0.192445237114926,0.0975001298550945,0.0386097634979435,0.00772353470002041,0.125655626775025,0.118898191400652,0.112855380834088,0.0183189862453875,0.0756127053842027,0.107106311740056,0.160998503280091,0.0914789508619289,0.0501019152071008,0.142462014117733,0.149869723919246
21,0.14865062498159,0.283591489418881,0.265171593332244,0.0665482476813507,0.085797296811647,0.25978874966203,0.154506779730089,0.171594799761748,0.157075244688683,0.221361127833989,0.166975633765518,0.129838252037655,0.270641893202978,0.0708286164297038,0.0751085888769895,0.258650609801166,0.0312947571688544,0.104815136184184,0.0584818379862196,0.191860999461265,0.0526928187144117,0.179060753520328,0.0845243589316276,0.00940733269796268,0.0409009390538155,0.227203875966331,0.157684323548169,0.116307287893341,0.208667386803973,0.216075096605486
22,0.0776455758138355,0.212586440251127,0.19416654416449,0.00445680148640337,0.0147922476438929,0.188783700494276,0.083501730562335,0.100589750593993,0.086070195520929,0.150356078666235,0.0959705845977638,0.0588332028699008,0.199636844035224,0.000176432738050236,0.00410353970923538,0.187645560633412,0.102299806336609,0.0338100870164295,0.0125232111815344,0.120855950293511,0.123697867882166,0.108055704352574,0.0135193097638735,0.0804123818657168,0.11190598822157,0.156198826798577,0.0866792743804148,0.0453022387255868,0.137662337636219,0.145070047437732
23,0.271504389979606,0.406445254416897,0.38802535833026,0.189402012679367,0.208651061809663,0.382642514660046,0.277360544728105,0.294448564759763,0.279929009686699,0.344214892832005,0.289829398763534,0.252692017035671,0.393495658200994,0.19368238142772,0.197962353875005,0.381504374799182,0.0915590078291615,0.227668901182199,0.181335602984236,0.314714764459281,0.0701609462836043,0.301914518518344,0.207378123929643,0.113446432300053,0.0819528259442004,0.350057640964347,0.280538088546185,0.239161052891357,0.331521151801989,0.338928861603502
24,0.125460332733795,0.260401197171086,0.241981301084449,0.0433579554335557,0.062607004563852,0.236598457414235,0.131316487482294,0.148404507513953,0.133884952440888,0.198170835586194,0.143785341517723,0.10664795978986,0.247451600955183,0.0476383241819088,0.0519182966291944,0.235460317553371,0.0544850494166494,0.0816248439363885,0.0352915457384246,0.16867070721347,0.0758831109622067,0.155870461272533,0.0613340666838326,0.0325976249457577,0.0640912313016105,0.204013583718536,0.134494031300374,0.0931169956455458,0.185477094556178,0.192884804357691
25,0.110656464059354,0.245597328496645,0.227177432410008,0.0285540867591146,0.0478031358894109,0.221794588739794,0.116512618807853,0.133600638839512,0.119081083766447,0.183366966911753,0.128981472843282,0.0918440911154188,0.232647732280742,0.0328344555074678,0.0371144279547534,0.22065644887893,0.0692889180910905,0.0668209752619475,0.0204876770639836,0.153866838539029,0.0906869796366477,0.141066592598092,0.0465301980093915,0.0474014936201987,0.0788950999760516,0.189209715044095,0.119690162625933,0.0783131269711048,0.170673225881737,0.17808093568325
26,0.23891314716442,0.373854011601711,0.355434115515074,0.156810769864181,0.176059818994477,0.35005127184486,0.244769301912919,0.261857321944578,0.247337766871513,0.311623650016819,0.257238155948348,0.220100774220485,0.360904415385808,0.161091138612534,0.165371111059819,0.348913131983996,0.0589677650139755,0.195077658367013,0.14874436016905,0.282123521644095,0.0375697034684183,0.269323275703158,0.174786881114458,0.0808551894848673,0.0493615831290144,0.317466398149161,0.247946845730999,0.206569810076171,0.298929908986803,0.306337618788316
27,0.0313276912477715,0.10361317318952,0.0851932771028825,0.11343006854801,0.0941810194177141,0.0798104334326685,0.025471536499272,0.00838351646761348,0.022903071540678,0.0413828116046276,0.0130026824638432,0.0501400641917062,0.0906635769736169,0.109149699799657,0.104869727352372,0.0786722935718051,0.211273073398215,0.0751631800451775,0.121496478243141,0.0118826832319038,0.232671134943773,0.000917562709033148,0.0954539572977335,0.189385648927324,0.220879255283177,0.0472255597369703,0.0222939926811921,0.0636710283360202,0.0286890705746124,0.0360967803761251
28,6.48012054594305e-05,0.134876063231832,0.116456167145195,0.0821671785056983,0.062918129375402,0.111073323474981,0.00579135354304,0.0228793735746985,0.00835981850163403,0.0726457016469396,0.0182602075784688,0.0188771741493942,0.121926467015929,0.0778868097573452,0.0736068373100596,0.109935183614117,0.180010183355903,0.0439002900028655,0.0902335882008294,0.0431455732742158,0.201408244901461,0.0303453273332789,0.0641910672554215,0.158122758885012,0.189616365240865,0.0784884497792824,0.00896889736111989,0.0324081382937082,0.0599519606169244,0.0673596704184372
29,0.302686201729417,0.437627066166708,0.419207170080071,0.220583824429178,0.239832873559474,0.413824326409857,0.308542356477916,0.325630376509575,0.31111082143651,0.375396704581816,0.321011210513345,0.283873828785482,0.424677469950805,0.224864193177531,0.229144165624816,0.412686186548993,0.122740819578973,0.258850712932011,0.212517414734047,0.345896576209092,0.101342758033415,0.333096330268155,0.238559935679455,0.144628244049864,0.113134637694011,0.381239452714158,0.311719900295996,0.270342864641168,0.3627029635518,0.370110673353313
30,0.0613745308208246,0.196315395258116,0.177895499171479,0.0207278464794143,0.00147879734911804,0.172512655501265,0.067230685569324,0.0843187056009825,0.069799150527918,0.134085033673224,0.0796995396047528,0.0425621578768898,0.183365799042213,0.0164474777310612,0.0121675052837756,0.171374515640401,0.118570851329619,0.0175390420234185,0.0287942561745454,0.1045849053005,0.139968912875177,0.0917846593595629,0.00275173522913746,0.0966834268587277,0.128177033214581,0.139927781805566,0.0704082293874039,0.0290311937325758,0.121391292643208,0.128799002444721
31,0.0426441825122416,0.177585046949533,0.159165150862896,0.0394581947879973,0.020209145657701,0.153782307192682,0.048500337260741,0.0655883572923995,0.051068802219335,0.115354685364641,0.0609691912961698,0.0238318095683068,0.16463545073363,0.0351778260396442,0.0308978535923586,0.152644167331818,0.137301199638202,0.00119130628516451,0.0475246044831284,0.0858545569919168,0.15869926118376,0.0730543110509799,0.0214820835377205,0.115413775167311,0.146907381523164,0.121197433496983,0.0516778810788209,0.0103008454239928,0.102660944334625,0.110068654136138
32,0.00995614608337753,0.144897010520669,0.126477114434032,0.0721462312168614,0.0528971820865651,0.121094270763818,0.015812300831877,0.0329003208635355,0.018380765790471,0.0826666489357766,0.0282811548673058,0.0088562268605572,0.131947414304766,0.0678658624685082,0.0635858900212226,0.119956130902954,0.169989236067067,0.0338793427140285,0.0802126409119924,0.0531665205630528,0.191387297612624,0.0403662746221158,0.0541701199665845,0.148101811596175,0.179595417952028,0.0885093970681193,0.0189898446499568,0.0223871910048712,0.0699729079057614,0.0773806177072741
33,0.0863270062217196,0.221267870659011,0.202847974572374,0.00422462892148068,0.023473678051777,0.19746513090216,0.092183160970219,0.109271181001878,0.094751625928813,0.159037509074119,0.104652015005648,0.0675146332777848,0.208318274443108,0.00850499766983381,0.0127849701171194,0.196326991041296,0.0936183759287245,0.0424915174243135,0.00384178077365038,0.129537380701395,0.115016437474282,0.116737134760458,0.0222007401717575,0.0717309514578327,0.103224557813686,0.164880257206461,0.0953607047882989,0.0539836691334708,0.146343768044103,0.153751477845616
34,0.0882367568870675,0.223177621324359,0.204757725237722,0.00613437958682861,0.0253834287171249,0.199374881567507,0.0940929116355669,0.111180931667225,0.096661376594161,0.160947259739467,0.106561765670996,0.0694243839431328,0.210228025108456,0.0104147483351817,0.0146947207824674,0.198236741706644,0.0917086252633765,0.0444012680896614,0.00193203010830245,0.131447131366743,0.113106686808934,0.118646885425806,0.0241104908371055,0.0698212007924848,0.101314807148338,0.166790007871809,0.0972704554536468,0.0558934197988187,0.148253518709451,0.155661228510964
35,0.0937287087501356,0.228669573187427,0.21024967710079,0.0116263314498967,0.030875380580193,0.204866833430576,0.099584863498635,0.116672883530294,0.102153328457229,0.166439211602535,0.112053717534064,0.0749163358062008,0.215719976971524,0.0159067001982498,0.0201866726455354,0.203728693569712,0.0862166734003085,0.0498932199527295,0.0035599217547656,0.136939083229811,0.107614734945866,0.124138837288874,0.0296024427001735,0.0643292489294167,0.0958228552852696,0.172281959734877,0.102762407316715,0.0613853716618868,0.153745470572519,0.161153180374032
36,0.0453773808248316,0.180318245262123,0.161898349175486,0.0367249964754073,0.017475947345111,0.156515505505272,0.051233535573331,0.0683215556049895,0.053802000531925,0.118087883677231,0.0637023896087598,0.0265650078808968,0.16736864904622,0.0324446277270542,0.0281646552797686,0.155377365644408,0.134568001325612,0.0015418920274255,0.0447914061705384,0.0885877553045068,0.15596606287117,0.0757875093635699,0.0187488852251305,0.112680576854721,0.144174183210574,0.123930631809573,0.0544110793914109,0.0130340437365828,0.105394142647215,0.112801852448728
37,0.119396085611826,0.015544778825465,0.00287511726117246,0.201498462912065,0.182249413781769,0.00825796093138648,0.113539930863327,0.0964519108316685,0.110971465904733,0.0466855827594274,0.101071076827898,0.138208458555761,0.00259518260956193,0.197218094163712,0.192938121716427,0.0093961007922499,0.29934146776227,0.163231574409233,0.209564872607196,0.0761857111321512,0.320739529307828,0.0889859570730882,0.183522351661788,0.277454043291379,0.308947649647232,0.0408428346270847,0.110362387045247,0.151739422700075,0.0593793237894426,0.0519716139879299
38,0.0928156397142455,0.227756504151537,0.2093366080649,0.0107132624140066,0.0299623115443029,0.203953764394685,0.0986717944627449,0.115759814494403,0.101240259421339,0.165526142566645,0.111140648498174,0.0740032667703108,0.214806907935634,0.0149936311623597,0.0192736036096454,0.202815624533822,0.0871297424361985,0.0489801509168394,0.00264685271887555,0.136026014193921,0.108527803981756,0.123225768252984,0.0286893736642835,0.0652423179653068,0.0967359243211596,0.171368890698987,0.101849338280825,0.0604723026259967,0.152832401536629,0.160240111338142
39,0.0651890292509855,0.200129893688277,0.18170999760164,0.0169133480492534,0.00233570108104292,0.176327153931426,0.071045183999485,0.0881332040311435,0.073613648958079,0.137899532103385,0.0835140380349138,0.0463766563070508,0.187180297472374,0.0126329793009002,0.00835300685361462,0.175189014070562,0.114756352899459,0.0213535404535795,0.0249797577443844,0.108399403730661,0.136154414445016,0.0955991577897238,0.0010627632010235,0.0928689284285668,0.12436253478442,0.143742280235727,0.0742227278175648,0.0328456921627368,0.125205791073369,0.132613500874882
41,0.0169146402266795,0.151855504663971,0.133435608577334,0.0651877370735593,0.0459386879432631,0.12805276490712,0.022770794975179,0.0398588150068375,0.025339259933773,0.0896251430790786,0.0352396490106078,0.00189773271725518,0.138905908448068,0.0609073683252062,0.0566273958779206,0.126914625046256,0.163030741923764,0.0269208485707265,0.0732541467686904,0.0601250147063548,0.184428803469322,0.0473247687654179,0.0472116258232825,0.141143317452873,0.172636923808726,0.0954678912114214,0.0259483387932589,0.0154286968615692,0.0769314020490634,0.0843391118505761
42,0.167375069681723,0.302315934119015,0.283896038032378,0.0852726923814846,0.104521741511781,0.278513194362163,0.173231224430223,0.190319244461881,0.175799689388817,0.240085572534123,0.185700078465652,0.148562696737789,0.289366337903112,0.0895530611298377,0.0938330335771234,0.2773750545013,0.0125703124687205,0.123539580884317,0.0772062826863535,0.210585444161399,0.0339683740142778,0.197785198220462,0.103248803631761,0.00931711200217122,0.0221764943536816,0.245928320666465,0.176408768248303,0.135031732593475,0.227391831504107,0.23479954130562
43,0.0742242610286185,0.20916512546591,0.190745229379273,0.00787811627162038,0.0113709328586759,0.185362385709058,0.0800804157771179,0.0971684358087765,0.082648880735712,0.146934763881018,0.0925492698125467,0.0554118880846838,0.196215529250007,0.00359774752326725,0.000682224924018371,0.184224245848195,0.105721121121826,0.0303887722312124,0.0159445259667514,0.117434635508294,0.127119182667383,0.104634389567357,0.0100979949786565,0.0838336966509338,0.115327303006787,0.15277751201336,0.0832579595951978,0.0418809239403697,0.134241022851002,0.141648732652515
44,0.0150460148170796,0.149986879254371,0.131566983167734,0.0670563624831593,0.047807313352863,0.12618413949752,0.020902169565579,0.0379901895972375,0.023470634524173,0.0877565176694786,0.0333710236010078,0.00376635812685516,0.137037283038468,0.0627759937348062,0.0584960212875206,0.125045999636656,0.164899367333364,0.0287894739803265,0.0751227721782904,0.0582563892967548,0.186297428878922,0.0454561433558179,0.0490802512328825,0.143011942862473,0.174505549218326,0.0935992658018214,0.0240797133836589,0.0172973222711692,0.0750627766394634,0.0824704864409762
