Location,Ratio_1,Ratio_2,Difference,StdErr,pValue,Lower,Upper,Pretrain
L1,R16,R2,-0.0301293537058264,0.0103134277590148,0.0576885161410804,-0.0608180796684159,0.000559372256763193,Face
L1,R16,R32,-0.00138413921011431,0.00297620254133761,1,-0.0102401535570842,0.00747187513685562,Face
L1,R16,R4,-0.152007494500121,0.0151121218089266,2.16783770193173e-11,-0.196975256503597,-0.107039732496645,Face
L1,R16,R8,-0.133731354276543,0.0150301500065086,6.27572014621771e-10,-0.178455200266852,-0.0890075082862333,Face
L1,R2,R16,0.0301293537058264,0.0103134277590148,0.0576885161410804,-0.000559372256763193,0.0608180796684159,Face
L1,R2,R32,0.028745214495712,0.00783701464878843,0.00728707637418691,0.00542532507182532,0.0520651039195988,Face
L1,R2,R4,-0.121878140794295,0.00684304575211237,2.48255444672235e-19,-0.142240367664258,-0.101515913924331,Face
L1,R2,R8,-0.103602000570716,0.00672189272895513,3.51654367873988e-17,-0.12360372344394,-0.0836002776974924,Face
L1,R32,R16,0.00138413921011431,0.00297620254133761,1,-0.00747187513685562,0.0102401535570842,Face
L1,R32,R2,-0.028745214495712,0.00783701464878843,0.00728707637418691,-0.0520651039195988,-0.00542532507182532,Face
L1,R32,R4,-0.150623355290007,0.0130233023648319,3.56054718478777e-13,-0.189375607862187,-0.111871102717827,Face
L1,R32,R8,-0.132347215066428,0.0129339745620565,1.3292186633339e-11,-0.170833663046355,-0.0938607670865015,Face
L1,R4,R16,0.152007494500121,0.0151121218089266,2.16783770193173e-11,0.107039732496645,0.196975256503597,Face
L1,R4,R2,0.121878140794295,0.00684304575211237,2.48255444672235e-19,0.101515913924331,0.142240367664258,Face
L1,R4,R32,0.150623355290007,0.0130233023648319,3.56054718478777e-13,0.111871102717827,0.189375607862187,Face
L1,R4,R8,0.0182761402235785,0.000143755863058462,1.10503003124029e-51,0.0178483790184776,0.0187039014286793,Face
L1,R8,R16,0.133731354276543,0.0150301500065086,6.27572014621771e-10,0.0890075082862333,0.178455200266852,Face
L1,R8,R2,0.103602000570716,0.00672189272895513,3.51654367873988e-17,0.0836002776974924,0.12360372344394,Face
L1,R8,R32,0.132347215066428,0.0129339745620565,1.3292186633339e-11,0.0938607670865015,0.170833663046355,Face
L1,R8,R4,-0.0182761402235785,0.000143755863058462,1.10503003124029e-51,-0.0187039014286793,-0.0178483790184776,Face
L2,R16,R2,-0.0921730743639658,0.00578401764933791,1.13843612167206e-17,-0.109384047936565,-0.0749621007913667,Face
L2,R16,R32,-0.055666833627327,0.00423602763898112,6.60616793152135e-15,-0.0682715945681323,-0.0430620726865216,Face
L2,R16,R4,0.00192634871894554,0.000272038499186336,1.65858335943253e-07,0.00111686857830981,0.00273582885958126,Face
L2,R16,R8,-0.0111418653517048,0.0014491098458903,2.47535358500414e-08,-0.01545384930014,-0.00682988140326962,Face
L2,R2,R16,0.0921730743639658,0.00578401764933791,1.13843612167206e-17,0.0749621007913667,0.109384047936565,Face
L2,R2,R32,0.0365062407366388,0.00192138109140205,2.57248714196478e-20,0.030788962334005,0.0422235191392726,Face
L2,R2,R4,0.0940994230829113,0.00599653806694221,1.91780807429225e-17,0.0762560718944791,0.111942774271344,Face
L2,R2,R8,0.0810312090122609,0.00468283959829509,6.76267470549617e-19,0.0670969104922343,0.0949655075322876,Face
L2,R32,R16,0.055666833627327,0.00423602763898112,6.60616793152135e-15,0.0430620726865216,0.0682715945681323,Face
L2,R32,R2,-0.0365062407366388,0.00192138109140205,2.57248714196478e-20,-0.0422235191392726,-0.030788962334005,Face
L2,R32,R4,0.0575931823462725,0.00447265627594831,1.26311219207138e-14,0.044284307160963,0.070902057531582,Face
L2,R32,R8,0.0445249682756221,0.00299107624494724,1.12598025470019e-16,0.0356246956059306,0.0534252409453137,Face
L2,R4,R16,-0.00192634871894554,0.000272038499186336,1.65858335943253e-07,-0.00273582885958126,-0.00111686857830981,Face
L2,R4,R2,-0.0940994230829113,0.00599653806694221,1.91780807429225e-17,-0.111942774271344,-0.0762560718944791,Face
L2,R4,R32,-0.0575931823462725,0.00447265627594831,1.26311219207138e-14,-0.070902057531582,-0.044284307160963,Face
L2,R4,R8,-0.0130682140706504,0.00171828193296824,3.20747954630344e-08,-0.0181811488387481,-0.00795527930255263,Face
L2,R8,R16,0.0111418653517048,0.0014491098458903,2.47535358500414e-08,0.00682988140326962,0.01545384930014,Face
L2,R8,R2,-0.0810312090122609,0.00468283959829509,6.76267470549617e-19,-0.0949655075322876,-0.0670969104922343,Face
L2,R8,R32,-0.0445249682756221,0.00299107624494724,1.12598025470019e-16,-0.0534252409453137,-0.0356246956059306,Face
L2,R8,R4,0.0130682140706504,0.00171828193296824,3.20747954630344e-08,0.00795527930255263,0.0181811488387481,Face
L3,R16,R2,-0.0439620767720338,0.011164141337828,0.0032968297064046,-0.0771821935101134,-0.0107419600339543,Face
L3,R16,R32,-0.000239288231662707,0.000678290802811735,1,-0.00225761628483974,0.00177903982151432,Face
L3,R16,R4,-0.0177576743217448,0.00811789919213077,0.347675876204505,-0.0419133662527297,0.00639801760924013,Face
L3,R16,R8,-0.139128864075657,0.0146566446451736,1.09493743354913e-10,-0.182741304241696,-0.0955164239096192,Face
L3,R2,R16,0.0439620767720338,0.011164141337828,0.0032968297064046,0.0107419600339543,0.0771821935101134,Face
L3,R2,R32,0.0437227885403711,0.010631096227881,0.00195206735278595,0.0120888054997485,0.0753567715809937,Face
L3,R2,R4,0.0262044024502891,0.00396194072771046,7.29091881273883e-07,0.0144152169230571,0.037993587977521,Face
L3,R2,R8,-0.0951667873036237,0.00539534784216108,3.47865086796582e-19,-0.111221231594098,-0.0791123430131497,Face
L3,R32,R16,0.000239288231662707,0.000678290802811735,1,-0.00177903982151432,0.00225761628483974,Face
L3,R32,R2,-0.0437227885403711,0.010631096227881,0.00195206735278595,-0.0753567715809937,-0.0120888054997485,Face
L3,R32,R4,-0.017518386090082,0.00753765457600442,0.254201697546983,-0.0399474970596592,0.00491072487949505,Face
L3,R32,R8,-0.138889575843995,0.0141855410769175,4.63907749776813e-11,-0.181100196106503,-0.096678955581487,Face
L3,R4,R16,0.0177576743217448,0.00811789919213077,0.347675876204505,-0.00639801760924013,0.0419133662527297,Face
L3,R4,R2,-0.0262044024502891,0.00396194072771046,7.29091881273883e-07,-0.037993587977521,-0.0144152169230571,Face
L3,R4,R32,0.017518386090082,0.00753765457600442,0.254201697546983,-0.00491072487949505,0.0399474970596592,Face
L3,R4,R8,-0.121371189753913,0.00850973321029227,4.6375054313678e-16,-0.14669282642094,-0.0960495530868853,Face
L3,R8,R16,0.139128864075657,0.0146566446451736,1.09493743354913e-10,0.0955164239096192,0.182741304241696,Face
L3,R8,R2,0.0951667873036237,0.00539534784216108,3.47865086796582e-19,0.0791123430131497,0.111221231594098,Face
L3,R8,R32,0.138889575843995,0.0141855410769175,4.63907749776813e-11,0.096678955581487,0.181100196106503,Face
L3,R8,R4,0.121371189753913,0.00850973321029227,4.6375054313678e-16,0.0960495530868853,0.14669282642094,Face
L1,R16,R2,-0.126458232158163,0.0156573590083635,7.48253330055048e-09,-0.173048406747359,-0.0798680575689681,Object
L1,R16,R32,-0.0635609592604627,0.0139455782869793,0.000499913773988591,-0.105057544143686,-0.0220643743772395,Object
L1,R16,R4,-0.0485874306697345,0.0106042306828858,0.000463895361628786,-0.0801414723593866,-0.0170333889800824,Object
L1,R16,R8,-0.00527769987094276,0.00671255923026441,1,-0.0252516499037216,0.0146962501618361,Object
L1,R2,R16,0.126458232158163,0.0156573590083635,7.48253330055048e-09,0.0798680575689681,0.173048406747359,Object
L1,R2,R32,0.0628972728977008,0.00337091992831571,4.87090232761782e-20,0.0528667340371856,0.0729278117582159,Object
L1,R2,R4,0.0778708014884289,0.0226560981006279,0.0141135552156274,0.0104551175627837,0.145286485414074,Object
L1,R2,R8,0.121180532287221,0.0106614269025771,6.03017183623809e-13,0.0894562970253424,0.152904767549099,Object
L1,R32,R16,0.0635609592604627,0.0139455782869793,0.000499913773988591,0.0220643743772395,0.105057544143686,Object
L1,R32,R2,-0.0628972728977008,0.00337091992831571,4.87090232761782e-20,-0.0729278117582159,-0.0528667340371856,Object
L1,R32,R4,0.0149735285907282,0.0213167398126721,1,-0.0484567490834531,0.0784038062649095,Object
L1,R32,R8,0.0582832593895199,0.00856120349166867,3.93838772376029e-07,0.0328084673024628,0.083758051476577,Object
L1,R4,R16,0.0485874306697345,0.0106042306828858,0.000463895361628786,0.0170333889800824,0.0801414723593866,Object
L1,R4,R2,-0.0778708014884289,0.0226560981006279,0.0141135552156274,-0.145286485414074,-0.0104551175627837,Object
L1,R4,R32,-0.0149735285907282,0.0213167398126721,1,-0.0784038062649095,0.0484567490834531,Object
L1,R4,R8,0.0433097307987917,0.0156278103664198,0.0851102581357142,-0.0031925185926549,0.0898119801902384,Object
L1,R8,R16,0.00527769987094276,0.00671255923026441,1,-0.0146962501618361,0.0252516499037216,Object
L1,R8,R2,-0.121180532287221,0.0106614269025771,6.03017183623809e-13,-0.152904767549099,-0.0894562970253424,Object
L1,R8,R32,-0.0582832593895199,0.00856120349166867,3.93838772376029e-07,-0.083758051476577,-0.0328084673024628,Object
L1,R8,R4,-0.0433097307987917,0.0156278103664198,0.0851102581357142,-0.0898119801902384,0.0031925185926549,Object
L2,R16,R2,-0.0328218756642547,0.00429830480121385,2.91619901595393e-08,-0.0456119490744102,-0.0200318022540991,Object
L2,R16,R32,-0.0233883719357778,0.00324874506598397,1.14347661458248e-07,-0.0330553662059565,-0.0137213776655992,Object
L2,R16,R4,-0.019843301103913,0.0194363019956718,1,-0.0776781315413432,0.0379915293335172,Object
L2,R16,R8,0.0325528680747912,0.0117760673396985,0.0866466573704789,-0.00248810103357558,0.067593837183158,Object
L2,R2,R16,0.0328218756642547,0.00429830480121385,2.91619901595393e-08,0.0200318022540991,0.0456119490744102,Object
L2,R2,R32,0.00943350372847683,0.00113292715196581,3.48864418061869e-09,0.00606235577314592,0.0128046516838077,Object
L2,R2,R4,0.0129785745603417,0.0220619252083948,1,-0.0526690833035315,0.0786262324242149,Object
L2,R2,R8,0.0653747437390459,0.0150007406283891,0.00092538404401953,0.0207384085518304,0.110011078926261,Object
L2,R32,R16,0.0233883719357778,0.00324874506598397,1.14347661458248e-07,0.0137213776655992,0.0330553662059565,Object
L2,R32,R2,-0.00943350372847683,0.00113292715196581,3.48864418061869e-09,-0.0128046516838077,-0.00606235577314592,Object
L2,R32,R4,0.00354507083186484,0.0214105951700119,1,-0.0601644836655828,0.0672546253293125,Object
L2,R32,R8,0.055941240010569,0.0142057664050779,0.00329553655146757,0.013670437084458,0.0982120429366801,Object
L2,R4,R16,0.019843301103913,0.0194363019956718,1,-0.0379915293335172,0.0776781315413432,Object
L2,R4,R2,-0.0129785745603417,0.0220619252083948,1,-0.0786262324242149,0.0526690833035315,Object
L2,R4,R32,-0.00354507083186484,0.0214105951700119,1,-0.0672546253293125,0.0601644836655828,Object
L2,R4,R8,0.0523961691787042,0.0103175652288812,9.77798041119169e-05,0.0216951317245449,0.0830972066328635,Object
L2,R8,R16,-0.0325528680747912,0.0117760673396985,0.0866466573704789,-0.067593837183158,0.00248810103357558,Object
L2,R8,R2,-0.0653747437390459,0.0150007406283891,0.00092538404401953,-0.110011078926261,-0.0207384085518304,Object
L2,R8,R32,-0.055941240010569,0.0142057664050779,0.00329553655146757,-0.0982120429366801,-0.013670437084458,Object
L2,R8,R4,-0.0523961691787042,0.0103175652288812,9.77798041119169e-05,-0.0830972066328635,-0.0216951317245449,Object
L3,R16,R2,-0.0176096647042401,0.000926824458117919,2.5724871419664e-20,-0.0203675316787525,-0.0148517977297277,Object
L3,R16,R32,-0.0070373243114373,0.000370385490075591,2.57248714195074e-20,-0.00813944661946568,-0.00593520200340893,Object
L3,R16,R4,0.0431509705041975,0.00374302809168446,3.92799348052978e-13,0.032013183333916,0.0542887576744789,Object
L3,R16,R8,0.0691455617593331,0.0079214932203262,1.03769029511156e-09,0.0455742971581327,0.0927168263605335,Object
L3,R2,R16,0.0176096647042401,0.000926824458117919,2.5724871419664e-20,0.0148517977297277,0.0203675316787525,Object
L3,R2,R32,0.0105723403928028,0.000556438968042232,2.57248714196129e-20,0.00891659572631905,0.0122280850592866,Object
L3,R2,R4,0.0607606352084376,0.00439811352811404,1.31563084643441e-15,0.0476735700764137,0.0738477003404615,Object
L3,R2,R8,0.0867552264635732,0.00844306432262687,1.17914872128754e-11,0.0616319703225553,0.111878482604591,Object
L3,R32,R16,0.0070373243114373,0.000370385490075591,2.57248714195074e-20,0.00593520200340893,0.00813944661946568,Object
L3,R32,R2,-0.0105723403928028,0.000556438968042232,2.57248714196129e-20,-0.0122280850592866,-0.00891659572631905,Object
L3,R32,R4,0.0501882948156348,0.0039919216630831,2.689845421187e-14,0.0383098977545412,0.0620666918767284,Object
L3,R32,R8,0.0761828860707704,0.00812126217981879,1.51528814097507e-10,0.0520171872041687,0.100348584937372,Object
L3,R4,R16,-0.0431509705041975,0.00374302809168446,3.92799348052978e-13,-0.0542887576744789,-0.032013183333916,Object
L3,R4,R2,-0.0607606352084376,0.00439811352811404,1.31563084643441e-15,-0.0738477003404615,-0.0476735700764137,Object
L3,R4,R32,-0.0501882948156348,0.0039919216630831,2.689845421187e-14,-0.0620666918767284,-0.0383098977545412,Object
L3,R4,R8,0.0259945912551357,0.00465620722913667,1.96582465576905e-05,0.0121395402460176,0.0398496422642537,Object
L3,R8,R16,-0.0691455617593331,0.0079214932203262,1.03769029511156e-09,-0.0927168263605335,-0.0455742971581327,Object
L3,R8,R2,-0.0867552264635732,0.00844306432262687,1.17914872128754e-11,-0.111878482604591,-0.0616319703225553,Object
L3,R8,R32,-0.0761828860707704,0.00812126217981879,1.51528814097507e-10,-0.100348584937372,-0.0520171872041687,Object
L3,R8,R4,-0.0259945912551357,0.00465620722913667,1.96582465576905e-05,-0.0398496422642537,-0.0121395402460176,Object
